pubkey,builder_name,id
0xb066a09b52c583db4c8bb1eba3c629f20b96d6f9a355b0615da653c8dbc136b85f467e77a4225cde9eadcd45f8693900,antbuilder,1
0x8cb3cb2fdc996d14bf30bc56c94d93f250245cfd45788586580af3d622e39eaca07c0baffd1d5faed7cd332e49be744a,antbuilder,2
0x8fba0d6601df6c242e4fc76584ba6a48d252c2070e726a848915479ed72941bb7ca08e5200b380e55846551e5bff54a1,antbuilder,3
0xae3a416f14c8801c7b3271aa202ea1ed432d409ed1e924b9da000f77a4cd41916c5b11c4d3512ae9178c62f7ad1fe1e9,antbuilder,4
0xaeb49ee87120926e276324314196f68a64ac8c9cf6fc80a40318f9ca4641a452d3988813567db2e9ddb3763eec11f4c1,antbuilder,5
0xa3e5b2fe1183312c0be6bbc498fd958a80dfea8f92c50e556a4d44deef39b63d409610e23411208e8c3a13a86dc6811f,ashpool,6
0x8dde59a0d40b9a77b901fc40bee1116acf643b2b60656ace951a5073fe317f57a086acf1eac7502ea32edcca1a900521,beaverbuild.org,7
0xa21a2f4807a2bcb6b07c10cea241322e0910c30869c1e4eda686b0d69bdcb74d2a140ef994afcf0bb38e0b960df4d2ee,beaverbuild.org,8
0x8b5d2e73e2a3a55c6c87b8b6eb92e0149a125c852751db1422fa951e42a09b82c142c3ea98d0d9930b056a3bc9896b8f,beaverbuild.org,9
0x93582c97ac58670ba118aae52cf6355d8c680a2a538bf77c90873e3fe7ddc0a6dd231e2e2ea06bdc07e9b160883512a3,beaverbuild.org,10
0x93e560d8d300eaef07070f7e29f57645689b92d042c155e65e44baa8104ca55c55a9a1f469cfccb9bc9ae61e222e4c91,beaverbuild.org,11
0x8d2b4626cd64c2889ff4822c6bdb25161bbd8a3976f087086403c7ecf185eee4f2f71006c2a0dc8ade3bf0d8552236f4,beaverbuild.org,12
0xaec4ec48c2ec03c418c599622980184e926f0de3c9ceab15fc059d617fa0eafe7a0c62126a4657faf596a1b211eec347,beaverbuild.org,13
0xacb407cfb554255db2fbbb320f79bb7f1cc1e8d2dc43324e8e31baafd0836340d49c43eebc51828f53bf6d364f9ac207,beaverbuild.org,14
0x88931f1fdf60a4281f5d846120356f803ec6bd52f68497af415322fdc289b6c1a05ab9eb9dab4a1f2675da69d5d71b83,beaverbuild.org,15
0x88e1d82a11804c7f4596b2b0aecf19f62f4a6cf1e893c152242b0ca15374b9085755870e3c3456789befa618bbccadc8,beaverbuild.org,16
0x840c9dafb68f5cd460b5d5677b85114e89187e7c890f11a8c5fc4a3e4f4aa74136ef0fcd62cf7de9741afcf7d4d3360d,beaverbuild.org,17
0xabcf636b7081e47edf77cf3f42b9e8b0c3a27a049b8eef3fa810ce6f7262036bea1910bc36a9a4791e8ee21587b82bf3,beaverbuild.org,18
0xb9f88bc584a53fabb5b295e50638b20218c8b2303f3d26daef84ddb9609f1f93a95608806c94e564ebcd6e3976d3838d,beaverbuild.org,19
0xa2d994ea26d7c3b94b444fc2f2a6070d5cc8164e51d1a5c65db8ad6381ba5fc5e0eb3aa088b46e8da96b5167f9b97569,beaverbuild.org,20
0x8c75cfb66562e7d8c39ef6dfd40b2f464a058f0ff939a1fd535f18c85a74100a1298555d3931367e9655504c4a9f38bf,beaverbuild.org,21
0xb5d883565500910f3f10f0a2e3a031139d972117a3b67da191ff93ba00ba26502d9b65385b5bca5e7c587273e40f2319,beaverbuild.org,22
0x9696a296508895203ad55c8bc02a8c857efecd56286feda28e5d44440221143ab16a29e44016c4c922961cdeaaf8cb51,beaverbuild.org,23
0x8cfca1b3603cc7f17b3d56d37fe47d70faead2857492c4b31209bcea290a9943df8c1d12388af8920d6199c7aea36ed9,beaverbuild.org,24
0x86ae9499c4565ac8b2c7f6e69388f6f14c6781f1200068301c5ca84870237feb09d847012c548938c6409e9a4a25234e,beaverbuild.org,25
0x96a59d355b1f65e270b29981dd113625732539e955a1beeecbc471dd0196c4804574ff871d47ed34ff6d921061e9fc27,beaverbuild.org,26
0xa474cd266e61c2a7e2ac434a75d0302f5ff0c307395ec18dbd434f7b256927a75a4ed972c6107a6c6c3fe6696dd034d1,beaverbuild.org,27
0xa412c4b805440c136826ddc569ffbf4539f0f89bf2801678250b683adbed090b292ea76e04909e4f2cd86ca4883b9504,beaverbuild.org,28
0xb211df498dfd8b1956252efa4caa81c351a4dde4a50237b3b62034df1881067aede88886053247450ea41b60cc96df7c,beaverbuild.org,29
0xa9bd259c09a526915575d096fd659d1e207caa94c7f92d584d256a5090dd5d81369e8fe67b8cc89b87199084aa42e20a,beaverbuild.org,30
0x87cc2536e868aa783afcfd50f5d4e04c1ee88287ff4e565716ef714d0e7dd21f1d4862806dc64719049521410c55068c,beaverbuild.org,31
0xb193dcaf1d485ba78094cb6b4126bff77e08c1244dff814447d3a31d9030b2584b369244ea67f13d48a02fa907b05f3a,Beelder,32
0x8000008a03ebae7d8ab2f66659bd719a698b2e74097d1e423df85e0d58571140527c15052a36c19878018aaebe8a6fea,Blocknative,33
0x9000009807ed12c1f08bf4e81c6da3ba8e3fc3d953898ce0102433094e5f22f21102ec057841fcb81978ed1ea0fa8246,Blocknative,34
0xa66f3abc04df65c16eb32151f2a92cb7921efdba4c25ab61b969a2af24b61508783ceb48175ef252ec9f82c6cdf8d8fd,Blocknative,35
0xa00000a975dffbd1ef61953ac6c90b52b70eb0188eb9d030774346c9248f81e875f7e8bc56c4bbbda297a9543cfa051d,Blocknative,36
0xa88888a1fbd3d15da31c44544c4522b5ad85dd6128eaaa5036ed7a8937a946b2eb887ddbd892d981015038ebd14ea740,Blocknative,37
0x9100000005a9260b0390e1580f677887930133715d32453a896c5a179cf53b7d3c2b07ce14dbc40fd9a84e9f196b5ca4,Blocknative,38
0x8638492723b6376bf83ec6eeff53b7b5d490219501e24a722f39af65a49672441d0320aea5659608bcab37e395cd4b73,Blocknative,39
0xb9b50821ec5f01bb19ec75e0f22264fa9369436544b65c7cf653109dd26ef1f65c4fcaf1b1bcd2a7278afc34455d3da6,bloXroute,40
0xafc9274fe595e8cff421ab9e73b031f0dff707ea1852e2233ff070ef18e3876e25c44a9831c4b5f802653d4678ccc31f,bloXroute,41
0x976e63c505050e25b70b39238990c78ddf0948685eb8c5687d17ba5089541f37dd3c45999f2db449eac298b1d4856013,bloXroute,42
0x94aa4ee318f39b56547a253700917982f4b737a49fc3f99ce08fa715e488e673d88a60f7d2cf9145a05127f17dcb7c67,bloXroute,43
0x8b8edce58fafe098763e4fabdeb318d347f9238845f22c507e813186ea7d44adecd3028f9288048f9ad3bc7c7c735fba,bloXroute,44
0x80c7311597316f871363f8395b6a8d056071d90d8eb27defd14759e8522786061b13728623452740ba05055f5ba9d3d5,bloXroute,45
0x965a05a1ba338f4bbbb97407d70659f4cea2146d83ac5da6c2f3de824713c927dcba706f35322d65764912e7756103e2,bloXroute,46
0x92a3f3a87bbf01db6fd2fdc6f3cfd7f616b0bf272d630f7942e835eb157fe9533538f1b30c22133eea3202981ef4e27f,bloXroute,47
0x82801ab0556f7df1fb9bb3a61ca84beea8285a8dc3c455a7ea16a8b2993fe06058e0e7d275b28ea5d9f2ae995aa72605,bloXroute,48
0xb086acdd8da6a11c973b4b26d8c955addbae4506c78defbeb5d4e00c1266b802ff86ec7457c4c3c7c573fa1e64f7e9e0,bloXroute,49
0x95701d3f0c49d7501b7494a7a4a08ce66aa9cc1f139dbd3eec409b9893ea213e01681e6b76f031122c6663b7d72a331b,bloXroute,50
0x8efc1675ffb449abc00a6ad8a2808cdf798d96fbb979cf00956012f3983577c9afe69495411a89385421f1cff47dfc98,bloXroute,51
0xb2990ad10d4a7e6f6ddee3cc0dd5713c712fc0821cf420f7e59cc30548d0344f68e6daadeec82482993416cbbe001ac5,bloXroute,52
0x9095c4d4d6db6489d44d42f77f64fad33a77393aa10e26519abd79bb81a29891ab8b999b408608ac4d90c186972f3593,bloXroute,53
0x987cbf8b044700afce289b4898530de0b3dbc727f78e4499df9ef3bff33d3d0dde10ddb81c32cfb060a426a9693827ea,bloXroute,54
0xab847befe59b5effffa12f47acf44cbf8ef875e7c891a4ee9e9c483254cf9a55f5ed688e43ff5bc6cd9276e99091921b,boba-builder,55
0x8c344feeb5426018c1855bc33cf739c15ce43fe780fc13275163f3c33075318619e6b2151407f87a970be24443c9cea4,bobthebuilder,56
0xa31892c0466813868f0cd8d3255dab5f84ae1a6d4a28a85bd85a68c30de311b5ad9b535bc611daa6bcf2365677f7a3fd,bobthebuilder,57
0x91afe2631915f3fbd83f1d75e13ae8597b593441344bb55bf542b9bac31f662d1c820cafe4cde17291f115bb68a9945a,bobthebuilder,58
0x8d6e6c1b552fb5acba2a08eb882008f93f18f0e9c36ff96983778a3c167dd121ced4d214ae5380a9527a8f5ec64e3efd,bobthebuilder,59
0x87683927a9b493e6d467468204906184c5c7fed3d863c62b3282e8cc28553e92dc29d28055de624a2f79bcad3e8de2c9,bobthebuilder,60
0x871d2837c63451fa6becdae2e3a9d5357db94816139813e9cdc3c1c3f9966760c4746a985af959cebfdb61721beb7eca,bobthebuilder,61
0x8042acb1f21ff5ee9d0035c2ea5d9a09c3810b048ba28f89e9a94e8e76c5fdd5bebce9b88af4e489ccd1daf735b829bb,BTCS,62
0x82ba7cadcdfc1b156ba2c48c1c627428ba917858e62c3a97d8f919510da23d0f11cf5db53cb92a5faf5de7d31bf38632,BuildAI,63
0xb4ba21309677d87f3a461f598e3d7ada3f70855fb84821d1577432ab24822d9b09d8acfcc8768e5b53a33709a978bc98,Builder Boi,64
0xae461cbfed9ffa0b801b6486c7fa8d14dbaedd84cda4780f660402996414fbae6db278276bdf328a25f611d83e8ccd90,Builder Boi,65
0x8bc8d110f8b5207e7edc407e8fa033937ddfe8d2c6f18c12a6171400eb6e04d49238ba2b0a95e633d15558e6a706fbe4,builder0x69,66
0xb8fceec09779ff758918a849bfe8ab43cea79f6a98320af0af5b030f6a7850fcc5883cb965d02efb10eed1ffa987e899,builder0x69,67
0xa4fb63c2ceeee73d1f1711fadf1c5357ac98cecb999d053be613f469a48f7416999a4da35dd60a7824478661399e6772,builder0x69,68
0xa971c4ee4ac5d47e0fb9e16be05981bfe51458f14c06b7a020304099c23d2d9952d4254cc50f291c385d15e7cae0cf9d,builder0x69,69
0xb194b2b8ec91a71c18f8483825234679299d146495a08db3bf3fb955e1d85a5fca77e88de93a74f4e32320fc922d3027,builder0x69,70
0xb0e77c875ec24b1738fd062ccc4b184ae1cb57e968a089f24c8b2af50727ffb8f9635e3fde2cab06182ddfe79886cb20,builder0x69,71
0xa8eaba9a1e935d689f9d6be92d5094fd8ccc36367a999c936cb7428fb372ccc8ea4dc2e4910e50872f8533e9c32ba532,"Building Blocks, Breaking Chains",72
0x8bcd1148e83d0a844d2d42f90df0837dbe407055367b3bfcf04227e47ea65a0164fc13a66584aae286f8f7322dc69501,Buildooooooooooooooooooooooor,73
0xaa1488eae4b06a1fff840a2b6db167afc520758dc2c8af0dfb57037954df3431b747e2f900fe8805f05d635e9a29717b,default key,74
0xb8ff16e4cded312bcabc7490ba704578668efc0500a5e652eefced2083a28189e2863a1b5155a7f5ec0c05709e477648,default key,75
0xa412007971217a42ca2ced9a90e7ca0ddfc922a1482ee6adf812c4a307e5fb7d6e668a7c86e53663ddd53c689aa3d350,eden,76
0x91970c2db7c12510acb2e9c45844f7de602f83a7f31064f7ca04a807b607d7aebfc0abda73c036a92e5c3e56ebca04b7,eden,77
0xa5eec32c40cc3737d643c24982c7f097354150aac1612d4089e2e8af44dbeefaec08a11c76bd57e7d58697ad8b2bbef5,eden,78
0x8e39849ceabc8710de49b2ca7053813de18b1c12d9ee22149dac4b90b634dd7e6d1e7d3c2b4df806ce32c6228eb70a8b,eden,79
0x8c0d45833884744d8cc4bb3438c3e93bcbc1436a25da5da44cc357e93bc0a7eea1d4664c287c4c63958eedada3846ae8,EigenPhi,80
0x8ea1393f49d894ae22ec86e38d9aeb64b8336dac947e69cb8468acf510d010ce0b51b21ac3e1244bdb91c52e020ea525,eth-builder,81
0x8eb772d96a747ba63af7acdf92dc775a859f76a77e4c6ed124dca6360e74e4e798a75a925eb8fd0dde866317fff18ad0,eth-builder,82
0x8ed74896fb129ac7f48d6a2908400044103b65d5c4e8f63feafd849f90fc174a4b71206a51b9453c12292bab3a92a4a2,eth-builder,83
0x8e96593b5418b162e7f7d5c165fef2566a67d5e03357baa780a2956a6f2c0b6426c20d7f82f527bcaa1719ebbc8d6048,eth-builder,84
0x8ee8f19da59077f203110aa1c897eac75d93dfb0e3675fe1a64e4d3f2fbc0c652551297c8ff4210d790d2bf8d4fb7104,eth-builder,85
0x8e8cc7048f6b33f356ec808fdfbd7e76ccf693cd70156310ee0823ab154d2c4258d158a7c57da6e9f5f0bb44e1948c91,eth-builder,86
0x8ecd091acecda7907aefa2a86253de9e4b4ba3d1d69bf45be9289bb6876d9e611d5281865db2c792ae2dca3001b0a4a8,eth-builder,87
0x8e648c8d2affff276cf24c0bbfb87bbd6157c88dbf6eb772fdf8319fb011816cc09283dd7dcedccdabd2b936083cb904,eth-builder,88
0x8a23314d50605a47196c8bdb35fce7ede7e167b5dfd42b7c3cc2d63e5fab68475aaba3fb1ca0b7186dcf0fcd3078229f,eth-builder,89
0x8ef6185b16ab8fe018ba98c9f514522a60e437be0e8d8b88ade174d3b859256ceb464f766c268458bfd33142b2913a0e,eth-builder,90
0x8e7e050e488a3696bf5fbf7ed9315ce2a12863e67faecc98997834792f0f2a4d69104e61bbd7f55dd4ad32c013b0fecf,eth-builder,91
0xaaaea59b32920d9f6cd70732ef0d3d90fa8b283499543ea7f9d6960647fea3138217345491b11c1c6725076cba917c67,eth-builder,92
0xb30646429c09ee12f4d135a6c3e72cbae6c8e55e8bb622ae4b3b1f505e0d1367f691c8810eb8be6ef37ca4b3acb0c7f7,eth-builder,93
0xb4a9a73b93e6cdad3f7b53702ead44134e118122b58276e3d333fe7b4f6459159426cdbc5166a9293c5fa2ad6f5adf4e,eth-builder,94
0x8542d3d77ed2cdc2efca71bda60cb3f7e367dd8800dfa8d41ab46df94dfd0d5cf01f7109dbb70c1c2d303c41aa507acd,eth-builder,95
0xa3843eddcff557c1d9cc39b165688a8211979cef3679ef7c79751023dce64396f9ae6b86fa7b1fa15b9041d71dde7614,f1b.io,96
0xabc387dff20ff4bda974b7f3041ea857d591681cc03271519196587a2d6b30c953ea4df11acf637db76f462834a8c80e,f1b.io,97
0xb3d48d36bb54c159417d3e87a890ff6bf513b14bdba5b823456813dde13afdf78d0f29e9dc2f798d734ee2abaad17182,finest artisanal blocks,98
0xafed5b1fb4457b655c3228f79639229a77fc79c8c275275660bac3e1e6b7e47355d99215b264ab29439dd4249deeb63b,finest artisanal blocks,99
0x984357f7e6489e5e04049920bf63087ee6904272e937371f27ae84c064c36ae28f0f7bbb9f127fcd736df63a34172c11,finest artisanal blocks,100
0x81babad2d5fd9413c942f49bfd86bc1dca5b02ff4cd065a10c7ab05713e63883056e6a87777e236424574aa25bbe3e99,flashbots,101
0x81babeec8c9f2bb9c329fd8a3b176032fe0ab5f3b92a3f44d4575a231c7bd9c31d10b6328ef68ed1e8c02a3dbc8e80f9,flashbots,102
0x81beef03aafd3dd33ffd7deb337407142c80fea2690e5b3190cfc01bde5753f28982a7857c96172a75a234cb7bcb994f,flashbots,103
0xa1dead01e65f0a0eee7b5170223f20c8f0cbf122eac3324d61afbdb33a8885ff8cab2ef514ac2c7698ae0d6289ef27fc,flashbots,104
0xa1defa73d675983a6972e8686360022c1ebc73395067dd1908f7ac76a526a19ac75e4f03ccab6788c54fdb81ff84fc1b,flashbots,105
0xa35e2b13ef528efbed8d2f709c0eb9eceb1225ed0605a653ba923588b0150c94772a9ba1c809d048e321f6b73d905c60,flashbots,106
0xb89b9308fbc6c2998c7e60e39424b858c74b02c234b3e0fa5ecf7c3971208dfa5f92e0bdbe16fc24abfd71c248acf0f9,flashbots,107
0xa1f1a5a4970903afd6f0f16049c3e9997d348a3254e99b08e89ffb553d0b1575595776b1d849ca2e8d64106443a47e76,flashbots,108
0xa1aa1ad4f2ad89f3cd2da667259022763ce7d22f75582fc824cd6cc8c56a89edb6a922e64ab95666f4bdeb2c309052ef,flashbots,109
0x96a3473f060c37be3eaca7bd88a9cc644ce5d979bfc655e68ef148bd111a856df94d2ae4186ae2ae35e4516dda21aa29,Gambit Labs,110
0xae7f0dd473d986b277539cca610aba02c437082ac504b998079edf20b0258db6cc6f6f27220d6428283691db53e62c3b,Gambit Labs,111
0x817a0833086f904e1bc593dbfb416f2df86f6b2f27bb218ac78f60c63345cb4a013d2bc38dea4bef3df4a2c49e274e12,Gambit Labs,112
0xaa6cc56cd783b18abea9ed92bd1e5731f40dfdf56595794b6b5ab640fa926309fde68253359dd36608983e54d98567f0,Gambit Labs,113
0xa28379a57611153dd617fe588a97665dd958fefd160265a60a75a1cbed19bb62245fc3e604931a860303387518f79294,Gambit Labs,114
0xababed49feee36266c984831a5fcd70a4001143fc37102986858ff626c62ff8c2c501ff5e72ef89e52f43fb59f10a710,Gambit Labs,115
0xa48436973db1abb6c66ad31c8b79d3b77bde2acb109174a87aeee233b7b0078a34d3e6616a3017e2430dff01e20a5710,Gambit Labs,116
0x81476ce973b358648ef2b990ed3fe9e9b264030116e5f6aa12c1b9f573b7a19ef75b9142426ec3a4e56719659940d224,I can haz block?,117
0xad251e6b9047500c4849d283fe2fdd0f59ebb4750eed883a2fba4fdbef588f13114fe9420f19b1c53968f3a78fdbe930,I can haz block?,118
0x8181497e076aa48aa8544d7ba5cab5a2670f49642768f98836a72a1806e267a8a691ae47b7899ea3783a272b4bc40097,ibuilder,119
0xad37993295bd1e026977ddccce2a34bfb046f92c0b7506b50595255081aa9652e4d382cf3657e30fada8af1f93313d59,ibuilder,120
0xb930da7c6823696bfc7fb4421d4f81861b08eea038bb4a5ba22cce83cdca67c9696866ced2362a58e277bb8a8bb9be19,"If you build it, they will come.",121
0xb68c45a1cadceb2c47a2a42a9768f8b0a293e3bbefc576d3566e72895409376f011656c3cfa5b635b73c4c1d8b727ae8,"If you build it, they will come.",122
0x82790923494535e417675b13e580be40d15bd3a8ddcab925e6c19e919c55b6e7bed5037925ba67caeb715dcc74d720da,imposter,123
0xa4024c0050986bceee0b58e24455c7bb620a6ca96725026f315a6e3b4114fdc54092c4c87f6de72a39413371a27e5d83,imposter,124
0x9700b784e68f12ef32af92ba96f8d34797262331cc32bac7b2ccae0c0fd0604b7867854c6a7da53eb11cd801b6a73146,imposter,125
0xa423d5efdd9eea18d9f7729becef4f88c391328c055c898b629c26bcc50e85fc9dc744793ff8bc387cab8ae709d2a9cc,imposter,126
0xaf80b5a8529cf27e8fa889e7e38b6b844b82c02d7f65935741d36256048028a72c11306554d00c655bc1a945ed6a8dd4,imposter,127
0x9695a8a8f81e47b9b42d18a34d0d05093aacc5d18331188e10e856bcf6716651a70d7a14c40e3a974fef3ad328471c7c,imposter,128
0x843de9a11dcf373a6cb46965dadb4d9b3ff8447cd69a1ec7ca76332ec4fdcd309fd6343e073d29be9b5e3fdaf8297d53,imposter,129
0xa9e20e3f5ee57b7441dba8c4256e4d19931974065dd709a67804811ea7df7562a825f83843b726354eeaae7de506ca20,imposter,130
0xa1d70a9b122a28676ae4882e54cb7fcf608c3b9e794a0d5a0c28ae601f51a75871ef96e0fec5afe14120a08a2baf65e9,imposter,131
0xa95b3a3cfc35a77663d6a5a9ac133bf1b68b4118f7f7a6f4ec43b298211441d1ebd1a1063446fea18138e7ef6c1379b6,imposter,132
0xa003117a3befd6d4f4f5a6db633caf7a2038d3f195c97a6b83ce6760cbbb1c0d09c11c33286fb14eb64c33ffb47f93cf,imposter,133
0xb61a17407826a0c7a20ce8a0e9c848350bb94bf258be9c40da0dafd5be83be240c3d24c901e1d4423cc2eb90703ff0bc,imposter,134
0xad2bf5a0d39e09a271175f35ca6c9d8739c382c11d99c1e0b6eb823a2bf3ce37911aa3efbe5920a6c35aa6f1dc67a215,imposter,135
0x9287fa9e04193b9868d78caa085f703ac694b324f60ee7520b0f48082591be9f6beb276994383f0ca6b6d9b474663a61,imposter,136
0xb06d49ba698b6af6d6e9fda499348d88ee69e885fef0adb5290d04be3f8864ed635978df7a617446169a7a251ea8f9bb,imposter,137
0xb92f022bdbba2c1146eae4b5246eca532908e172a41a78744b538995c8a8dfbfae8e0537dae269451fb12ae48c5356c8,imposter,138
0x8d7b6009abbbba1f41f2c0e29f30bc5183a0e4c769621da6b1f3a5d9b370196e23a9c24fab14bf4e5afe6e828dde7242,imposter,139
0xb4cb238a1299f38f321ab0ad699e0fd7ba78fd350867c1ead2dda58170140c2b55b5762eee76aadefda08865e9998505,imposter,140
0xa874f15dde175bb4f2ecf9b5cf7a4ed35f37d76ef4bb7ec5be07a204e89334e1e9060fa468012fcc37e973a593fd2a0f,imposter,141
0xb0b07cd0abef743db4260b0ed50619cf6ad4d82064cb4fbec9d3ec530f7c5e6793d9f286c4e082c0244ffb9f2658fe88,imposter,142
0xb776071b258fb28035b0c753d8bbdfe11791a852db2678990df891563aaf522be48ce4489d03e3ee309fd99c2b4dff13,imposter,143
0x916a244bd333d148323bb2b96dfef592a6c6ec8e9a4651c34423555d413e0f110851537c3805a2e78028578283feed79,imposter,144
0xb052beae829c5b6ea991bfe09960caad5b78dd9c1be18a477fb0121e47e8a89ce6364edc580a72b91106dbfbcb5f80c0,It's Free Real Estate,145
0xa1ee9e433283c88551bbf43af2a2ffde557499f24fdd4c27f9d7d255fd1c3eb1745871c73286059249b759a11ad41a1d,It's Free Real Estate,146
0xb0a3a5e8e0330698176d35fda999f522d992225975592afff5c02b3faaba13a497cafdf0519d8b578236d92adbf401f7,JetBuilder,147
0xb995e146f09b1e4081439ad7a672d7b822f4931a0e660e810805f21736a6bdc5a2443e807a61e274202ab0e59d6b8460,JetBuilder,148
0xa8c6d24b4b74f55ca58f1fe0db806a352e4441240500fc2d20e5104eaa6312b996fe203aad510180ec6848e35eadc330,JetBuilder,149
0xa91d3e50a70c103ef4f046d4d0a97a7b92b94b3ed147fe8842ecc820ec3a0bba9b3e92e280fb7f6489fd415f736789fc,JetBuilder,150
0x8424dab9f89f0c166f0365057f3ffa1f40152a4cab935c23c69d4293ddf300e8e8a4fc2eef5cfeffd61e7318c2821026,JetBuilder,151
0x84b02bdb674a28dea0467d3dded2b4aad11c0c5dba79b3d11c38476e2f45eb937ac078492781cca8d2123c2c574a7eb8,lightspeedbuilder,152
0xb3a4b137b0224321813151568035e4c0dd7af8a2523a606a73b7d459a6202e7d6d58f2149a32bc2fe85980866fdc0c92,lightspeedbuilder,153
0xb2639e4318d0fe59f843cf7064ff7eb86e2c601f47e3de8ff3a3339a01d8f088c83a44823988b2fb4a30a3f878941b66,Loki,154
0xa87b7288a39c48a71913926dcf55a7e423705b741e3893474658d3ea4413d98b0fcad61bc725ad6b5604af6a2d9a1029,Loki,155
0xa25f5d5bd4f1956971bbd6e5a19e59c9b1422ca253587bbbb644645bd2067cc08fb854a231061f8c91f110254664e943,Manifold,156
0x8d0187110022b21a97a265d9b98aae51cdd563e53ceacb6ca9ebd0dcdac91866a52aff73836d95ef1e587591291abb02,Manifold,157
0xa0d0dbdf7b5eda08c921dee5da7c78c34c9685db3e39e81eb91da94af29eaa50f1468813c86503bf41b4b51bf772800e,manta-builder,158
0xb1b734b8dd42b4744dc98ea330c3d9da64b7afc050afed96875593c73937d530a773e35ddc4b480f9d2e1d5ba452a469,manta-builder,159
0xb5a688d26d7858b38c44f44568d68fb94f112fc834cd225d32dc52f0277c2007babc861f6f157a6fc6c1dc25bf409046,manta-builder,160
0x906c185200638862772a530fbe2ef16c1f6539e0b68c278e1088f635d81bd08562be688ceea88028421016c7c5fc7101,manta-builder,161
0x8303c65a27eae8e91a074315b26e150e69f64acff0ed3c5fc566c942eb2f4677303cb2cce6245774f7dd35bad276474f,mars,162
0xabe42baead346251a3fc1aa02d080e3300c8218cd5548b70e85c0cad3df0683e5733dc66d9b87799211ffb8262a5253e,merkle Block,163
0xb59a0bfc05df1eaace34ca0f911f0a2d1691344da582d39f9270564faeab9c957d77f8d4af8cd6348b5b1493d75efd1c,miao,164
0xa82f9afce834eeb0e6d9aa5bb99d2d87a2ba6d97f6f7db6b73646965f3dec263f8dc8e6e2a0d2d9acd6253c383f08c19,nfactorial,165
0xa1f10d66aa4b73c5d9a6cc38a098b2c6ce031a6750ea2da01918ba3ac57c2ce1e39a0da622bd8ccd7c9930861f949fa2,nfactorial,166
0x97b3d4f7b75314207d700fe2e78ce6ac15da0a325a52a8c86c8a62d2fb199722a2a4a69dbd490fa89c00c0fa99426b8d,panda,167
0x89551cb5def7a710d58c3f3c0b234266df9cab138d6bd79e58b03c3681030751f1aab2e2b08a706e2aba6db23ee1fb8b,payload,168
0x86d59ae03894b181e2935ec684912571da5888a6b2bd7870d58411eace02416a8d04aa0ba33545fc87f833d06b64253f,payload,169
0xac193b0f72fa96fab3695697f01a27441fdc70fe38bc6ad1eb4fd887f84025eb1708cd1678b6b4d7a63cc62039845251,payload,170
0x8070d2fbed08a3f251189cf304b5aa4de1c6817189e6779fa91bfed92a54c14ad81a86e3860040a36cbe6225ad5961e2,payload,171
0x85b603e6b0b27e117e80c67a615060b3d0441ae2aee163cc49f30c964155e46fbd324b25c0fbadf9f4995a4b8b245be3,payload,172
0xac4aac0f9ce2bafd4bab348c6b4d8a31e583043baea9bf0a619ebcd8568694b64888f0c9ca40c1c1f93e9c34e1b39cb1,payload,173
0x958514edaa1889e029548916327f3090da2de32afa4d9e2aff8489070e3bf7639000735adf02d86aa6bc8ec287045570,payload,174
0x92183c4b21b5264659a3af2fb631a7f291d3e8fcbfd895f1952145fd4c093cb3e0831d1732fa5c6cff85025a56fb07da,payload,175
0xa65a9e75ae055aefbd850ff8e3baf8cb999814038f8e48dd34447ecf3e3c5c0a631fc0c1147b5b1c74aa389754612882,payload,176
0x98e7e3f6e08470add6bc2d312ed33cd8d59775782c85d7e7f98a34e792f1c4326b1c89846723e7fbe826a0cd559bc574,payload,177
0x8b32405861c6b674de8db46dfeb1f7c13ebc2f9e038994efa63b029cd39e36f7324a8401200889e2bbd5f07827b2c895,payload,178
0x87d5f36a5ea056611e33431e93e892810941befa05e13842249c8b307c182d77b67f6c813f327a5723362da9ea8b82cf,penguinbuild,179
0xb783f81b2929e70c5b9a066d082d85dd12efa1c3e95185e18aabe6f4f93e387618532dc63ff80fdc3d9704f0ca5bc8c3,penguinbuild,180
0xb8a81400125c67a24d6cc1bdde271e45bbda909e79727631467f39f2888fea603e8261c42df81f5dca9bb964d008a748,penguinbuild,181
0x957820beb8bd4ed3ec01a100792bf182e27345ee4e76a35e8b27895a198416db303fe0ee506853dd54ae1aea13866593,penguinbuild,182
0xb594d1d4f74f9b411bf2321765bff62cbbeed807f83552fc4b2e047eec247c8b6f0d5524300a2fef30a8cf5cd0a62ee1,penguinbuild,183
0xafa574c45aebb73d74ff6c862f22f5f4601cb8017078e08572b47164287f8d28d04410f56042b868ecbf235ab1338c53,penguinbuild,184
0x82d8f95a58b6e5e0fab7b4c3b88bf2c487be7fb4b2767bfbf6168421c63dc992db9a437b43c91ab43dc4c9a84d55d40f,red ocean surfer,185
0x83d3495a2951065cf19c4d282afca0a635a39f6504bd76282ed0138fe28680ec60fa3fd149e6d27a94a7d90e7b1fb640,rsync,186
0x8aab0ed724d2c7f94af139bd2249ab511f08474ac69e761e56918403c81c358f5f8a6d61c62a86dc4cd7bcad935f49d9,rsync,187
0x8e6df6e0a9ca3fd89db2aa2f3daf77722dc4fbcd15e285ed7d9560fdf07b7d69ba504add4cc12ac999b8094ff30ed06c,rsync,188
0x945fc51bf63613257792926c9155d7ae32db73155dc13bdfe61cd476f1fd2297b66601e8721b723cef11e4e6682e9d87,rsync,189
0x978a35c39c41aadbe35ea29712bccffb117cc6ebcad4d86ea463d712af1dc80131d0c650dc29ba29ef27c881f43bd587,rsync,190
0xacfdcf458829f4693168a57d0659253069d687682bc64ec130d935ecb6e05ccfb80c138bd3cf53546c86715696612ec8,rsync,191
0x987ff80fcf6c5ee530f4a4352884cb89fc5f57ab287e58dd44d641f3bbe4cc40633d6ba0bbecc9c81b1d5be40a2abb99,s0e2t,192
0xaa0ded6d79e0d4a210ed25df17db48e7ae39127eda4bbdd71787ae037b0493502b81621c26fb8019c1b5b0ed40fdf56e,s0e2t,193
0xb333337fac190c13f152d81c2127b156a2e73ef074f396cf2ac9b1443f6124e57b80267b989095d04c7a2f2e0a3f0bc0,smithbot,194
0x97f1d3a73197d7942695638c4fa9ac0fc3688c4f9774b905a14e3a3f171bac586c55e83ff97a1aeffb3af00adb22c6bb,smithbot,195
0xafcde4f6f5e8be0b76de5e3d305a5139c276c8ff75373c0db28317ac55c97cf80f3d76955391cfa9242a2df82c881b66,smithbuilder,196
0x8c4c0e9af00edb8a25fa8684e07118c0cbd49459b87337953a4c3d6db57b896f6914070192fb404f22917fa44cf2aef4,spiderbuilder,197
0xa46444fdef3a72da9a069e95da0703fdb3ea5a5d0ee8633b55bc71d46ec79b888582749059c468be1cf62808a57bdaba,spiderbuilder,198
0x89c70d784ed1c7752a15be119dbbc7f077c98ad28ee44b2b280c27d2ad760fa2f31f1caac1b333689c981df9627fbac7,spiderbuilder,199
0xb34a533cc69e98573ce6eef4c8364dc873ae677eaa644a51c8fe3367ee7ef1b1aa9d9458d59ec86ee8e25a7720dcc107,spiderbuilder,200
0xa630217edeeb6e4f85bce4e2766559aa58f94ee43c8a16900c1d95dae9801efc551c25d950f362ec8daeec0769b69bcb,spiderbuilder,201
0xa4e5b8d42b092d9db7ad828c538dd47ee8f21af920b79b79d47559a7e3dbc026c7a348a5b0526efc5d66c64abce198fa,spiderbuilder,202
0xb5290d65b0b3f145630cf89c132dd647ea046c1f7fbc79df727c7c372fa18b0c88b84dd48da2b4a8ef7602ba293469cd,spiderbuilder,203
0xb7e71108b8b1d03e79f2e9a9204bb007ebd62e32d609a7825eef7a98d10e95a87169cbf62bd240a53d7023470cbdbbb8,tbuilder,204
0xa14e3b66992455885c965113e66dfae1727c68ba43accebc0e8b1c3f0dd76d1dbc6e39ef6daf1de8ea64fc456cb1ad23,tbuilder,205
0xa0e3b560f8c46edaa7ebb0d20ca9ecb6af667144743186f2bbc2cd957e3d3340498f7fed50c0f9d945c3835477452790,tbuilder,206
0xac4c7038b562daf9a1cafadab5811b61793a24a2e179a1efcca1eebfaa0d67d3083ebc923470f0bf36ac63bace2d5a54,tbuilder,207
0xb3f2feed046600d277df7723e69cd7dec8eb06d990947aabc6c19b0aae30f8252e687aa82c7a7cf53ea74ce9a08c45d0,tbuilder,208
0xaf88a73d7c21de7b434a368e311bde4771c4466d5ad0fd69cfbd36b21639520de0d8972f0423aa279cb99ac478a5971b,tbuilder,209
0x8509ecb595da0eda2c6fced4e287f0510a2c2dba5f80ee930503ef86e268d808a6df25e397177da06cd479771ce66840,Titan,210
0xb67eaa5efcfa1d17319c344e1e5167811afbfe7922a2cf01c9a361f465597a5dc3a5472bd98843bac88d2541a78eab08,Titan,211
0x94a076b27f294dc44b9fd44d8e2b063fb129bc85ed047da1cefb82d16e1a13e6b50de31a86f5b233d1e6bbaca3c69173,Titan,212
0xb26f96664274e15fb6fcda862302e47de7e0e2a6687f8349327a9846043e42596ec44af676126e2cacbdd181f548e681,Titan,213
0x95c8cc31f8d4e54eddb0603b8f12d59d466f656f374bde2073e321bdd16082d420e3eef4d62467a7ea6b83818381f742,Titan,214
0xabf1ad5ec0512cb1adabe457882fa550b4935f1f7df9658e46af882049ec16da698c323af8c98c3f1f9570ebc4042a83,Titan,215
0xa32aadb23e45595fe4981114a8230128443fd5407d557dc0c158ab93bc2b88939b5a87a84b6863b0d04a4b5a2447f847,Titan,216
0xae2ffc6986c9a368c5ad2d51f86db2031d780f6ac9b2348044dea4e3a75808b566c935099de8b1a1609db322f2110e7a,Titan,217
0xb4a435cf816291596fe2e405651ec8b6c80b9cc34dace3c83202ca489a833756c9a0672ebdc17f23d9d43163db1caa5d,Titan,218
0xb47963246adef02cd3e61cbb648c04fd99b05e28a616aef3aa7fb688c17b10d1ce9662b61a600efbdd110e93d62d5144,Titan,219
0xaf10542267816e91adbc8f4a6754765d492534f8325f34a2e89caa2ba45c7158f6deaa6e7fb454ebb6f6a1495fe63dba,Titan,220
0x94829e6f7a598a2f2dfdd9e1246d7cfdc30a626666d9419f3c147cc954507e97184c598dc109f4d05c2139c48af6746c,Titan,221
0x88cd924ca0bc4ab6fe838f323d79a932d13ae25239d8960c6246a5250ef85a8ab8ba96a8b6d8b207fe8a6e70f7d2c512,Ty For The Block,222
0x8777ada1da0fe5361ac6be582b89b9136e1823ca9784a056669b31263b5feb977b2b71db9d77a92e25e0f57292053418,Ty For The Block,223
0x99d23206b5faf79b729ff4b47d548ac074b9b8dcc315f9c59fbc2f8485a2489261d8a4013cf75e7e9e3efd84a4494262,Ty For The Block,224
0xa8cf17ebcc58d8b1e6535b4ff8c3ec89641302317a142b2e27b9bc5fb47d10c1cd5005f8d8259ca69d1dfd0c841cd321,Ty For The Block,225
0xa0511239e5ad4eb0d1459de232b1cf996afb04199459e1874d7bca2af9fbbf82c5d5dd147e6881a327156b952f163ed2,uwu.builders,226
0x8c7d33605ecef85403f8b7289c8058f440cbb6bf72b055dfe2f3e2c6695b6a1ea5a9cd0eb3a7982927a463feb4c3dae2,wenmerge,227
0x8d333ca548a12676c93dc12cbe650fdfd62284b85f0a60cf68fb33ece035aea18fc1df0057cbe085db0dc593c47b8f4a,flashbots,228
0xa6e98f7ffc01e6b0489bcf844357882dd0396a43118553ff38f3e3036cdb14fbb66536f81e1dc3eac24c1a9a1ea00be0,flashbots,229
0xa017ee6eae6b8aaedcc7dc65f4879da5a803dc2d621bdd5a3ce06ab478e8119cd3e1b3bb9b8498977f13e34e279cd398,flashbots,230
0xa017ee0fe884f0a42fc2602e1beb27e7feef2e8cb4681d8f1b2fb3459a45a4032b6da3a4537b48f89e1972f13417955e,flashbots,231
0xa01a00479f1fa442a8ebadb352be69091d07b0c0a733fae9166dae1b83179e326a968717da175c7363cd5a13e8580e8d,flashbots,232
0xa01b00a4ab433cbb0a0801cff3815722d56e1980caad7ed156900563e6670cdf6280535dae331f358c647c4bf4558a85,flashbots,233
0xa02a0054ea4ba422c88baccfdb1f43b2c805f01d1475335ea6647f69032da847a41c0e23796c6bed39b0ee11ab9772c6,flashbots,234
0xa02b009596e741d5f61d18b900cbd03bbcdb9c0f16b1981928d13b57fcb48d4ddce21a96c523bf84425b3a4e6e6b3f14,flashbots,235
0xa03a000b0e3d1dc008f6075a1b1af24e6890bd674c26235ce95ac06e86f2bd3ccf4391df461b9e5d3ca654ef6b9e1ceb,flashbots,236
0xa03b00ddb78b2c111450a5417a8c368c40f1f140cdf97d95b7fa9565467e0bbbe27877d08e01c69b4e5b02b144e6a265,flashbots,237
0xa08a00b8d1521ddc7e51717f9e1ed77266108008acec8cb58aa492ed0a17cc4c55330cfb1871d4471a7451d3f7c89192,flashbots,238
0xa08b00cedceeb18c97d723f9338ead7d660fffc9050e487a5219e334e08e3d15faf4d8b51b0daf0e792f5f27a8c54da0,flashbots,239
0x800a002dd9e1afc77af8ae909cf7f8169b413a92cfd43caa56ac749024774d9817a806dae49f4bd5af0661b054595ea4,flashbots,240
0x800b00c6e03a92b910cfe928fe6d5bff63eb326af308a6224c512a82c6fdeae92e4d3a39e7b8dbfc572af5d2411cb26c,flashbots,241
0x803a00a9dd54076d272a332f9e9d6815e4f9f449cc1ea2dbdc48ad90756206941c1f050ee97d66e314d7f773b5c71365,flashbots,242
0x803b0018bd6776c5be2012e7ea053352fdf17df87921af9a9321e89d1f5da254de4e51e1e011fd25cf66e76eef551d5d,flashbots,243
0x802a0012e4878385fbb8fb1f4b7d2ddaf332d2c409d340e2328a75e2387edafd16d543ca07ec2cc8d6134415e5a5b0ad,flashbots,244
0x802b00ecf62b2968050b7f557f8edbcbc080c9ee0cecc0982736d85997d3a1fb586587de7fb360fa31bade77254ce2e4,flashbots,245
0x801a00923e9949a7c510f565d92d282bcc79d79da6d57c98972891553443877ba5905b8bdf8145e23a06dac45b9a4d69,flashbots,246
0x801b00e0e3a828ef58174652bc74cc6695fee2c7035a935b739c59cdd958c69564668ca5334dc51a85421eba77f9acc2,flashbots,247
0x804a0032e48f725bb41305041439578a89f4da71bd7662096d5bb55e2d14ac7135eb01d29fe0914f8efc57c85eb6e0f2,flashbots,248
0x804b0038e40af99372530e57f351694643a667b0f3a197e1116d0496b1fefcd04df23c64037af1c807e30ac2746aba3f,flashbots,249
0xa04a00ea847205dc7d684de0424544faf2dbc7e85d4ea72e5cde59c26e179f4caca52645169ee9c3685ae7d0ebaf26ed,flashbots,250
0xa04b0070ffa9e233d9c183fbb8cff4a6b3130fb90b765932295eafbc76c6e02b5b0c4ecb579a769a72c6d0e6c7f0e844,flashbots,251
0xa05a0021352cb7ecabdd6290220f0822fd2558e218093fc09bcaeac074e543d36da80d08984f10ae91c07d3ef23f6c25,flashbots,252
0xa05b000739b4f0051df3229be7b2f236e1ede1b3b29402f6bc2ac3090446d821fedf4d9da8829e267a056eba3114cdc5,flashbots,253
0x8a5c8580430f676108848f01829d92fa03ca48e83eae48afd10c823351973e58e51a3622f1b72bbe787db8c5183f6246,penguinbuild,254
0x90f77a74264a64e0a13ac878dc3a1de775d572ddbb1eef86887f0d4efabc0e81c18b055b2d4c8ba5ca111312f265a507,penguinbuild,255
0xb0752be9372793ae10b2115c6555677569f4b991ad34d511c320827880c9d870f8d358302bcb436b09104e0018467be3,penguinbuild,256
0x913b543426b3a85b19e3e1f0af25189ef27f06992fd1b79670fb81a5961a7c8bef4b927ee29b431cb329c001768cd719,penguinbuild,257
0x8226fb149bfe7b4967ffe82ecb9084ffd5bbf0303de0b88f68fdd8297cdffe80f611fa27bc05506b4fba12e2eb5bc5a5,Titan,258
0xa94a5107948363d29e6a7c476f7e2665eaa27d3d92dcba4c68a66de71c07d1286e2755af80150a3f01e39c1fe69c4ac4,Titan,259
0x8216e00e1dc8e15c362ce8083ad01feeb04688dd3a18998a37db1c3c8b641372398c504e1aca2cbddd87c4075482b42f,Titan,260
0xa3ad1da9373ae97c21274629668d5b585addc0dfd1b323f0651159df409603f7b0c1fa90237164f817301b6a5733a220,BTCS,261
0xa9d0a0f9059972d775a45d8377768ff20234de91a6fbacba5737ff8803807c38021b5863e5084869e695ef1d6c2fdaef,Titan,262
0x946fcf348bbf1044a3eaa3d27f1d01397cfc4d27495a949447c95ea7ec41db9f5c4fe3b867a937623685a0462996df09,Titan,263
0x8527d16cf01edcea2cbb05e27f5f61b184578ea27c4015e4533e4cebd6d53297bd004c14fe3f247a468361bf781e0069,Titan,264
0xb9810c6839e91b063f8d2dc7acddc60599341600351d7f09d195cbc148307d31b667b52ccfb6559c61a0bdbc06ecdf86,BTCS,265
0x910f20173e75cc036eb232cf2081043d62c028c3ddae53d5cccdbdd1213a9830c5143c431ee9e401a4d3432f3c23d18c,Titan,266
0xa05a0021352cb7ecabdd6290220f0822fd2558e218093fc09bcaeac074e543d36da80d08984f10ae91c07d3ef23f6c25,flashbots,267
0xa05b000739b4f0051df3229be7b2f236e1ede1b3b29402f6bc2ac3090446d821fedf4d9da8829e267a056eba3114cdc5,flashbots,268
0x804a0032e48f725bb41305041439578a89f4da71bd7662096d5bb55e2d14ac7135eb01d29fe0914f8efc57c85eb6e0f2,flashbots,269
0x804b0038e40af99372530e57f351694643a667b0f3a197e1116d0496b1fefcd04df23c64037af1c807e30ac2746aba3f,flashbots,270
0x805a003c2b3c51302132864ac6897cf2623ce4ad0b35f5afe43f70e4e4d9c87f9e9fe5252836faedae57c0f922cb14a0,flashbots,271
0x805b008679ccda28ae22ded00a91a24c15951a078032ceee051d72d60240b6e199873c8a9f2042b982be6588e67aba70,flashbots,272
0x806a008bd4beb89f79d3df63b64c94dfab54857465fd0a5d1041b02c498bb5aa47ddb18e3829eebd0ca6b46db4969b2d,flashbots,273
0x806b00a40b92e88bcd83e31f15d75106bccb0dd6dff5d69daa644fbb71e736cc6fde918db241b8e5649e8abe3461fad0,flashbots,274
0x807a00919db875280147cc98ef29d49a4ff3ab533b4c33df21d6c189ce4df0fd9446114835d7d2d44fbe4e7aa0a1df4c,flashbots,275
0x807b00cc542a2f24202638bef5ec2e0e729ed1759d3f87158350e75ce010d9ccb746bcde4205c505bff6b3deeda59982,flashbots,276
0x808a0004c6802692bee5217ae930d29ccd9f6c9983acde9acf873d93f16b7d2d6064cb72cae1c89c0a59eb83c0bed40d,flashbots,277
0x808b0035e892b3e47eb8b4b3e6f7116313c6d1378abfde48c6311f687f93f6fe241f270f2acf32e3927adc21c46b3a1e,flashbots,278
0xa00001792da52b2ad6606033396337f86e7598c8e0927d640bb649e0a9fe230df41f8ffd3403a5cd4fffd5131e2fbe47,rsync,279
0xa00002326e62d66f690e457595023fa44699e4237fc4cc36eed5e4937f19398fc1452be33d2b2f553693e9eda2d26618,rsync,280
0xa0000713760db6cea6cf0ef63c99b5dc5966d9b53750ad3523e0e67f01791e1d72c4d4c271677f99e68134ed57bbfb91,rsync,281
0xa00004426b99f107744b01886daec9f949205dae33a2072b5981008e94ef930e8a8291d7594554f1d2ae707e5312fc15,rsync,282
0xa00008155a5f36172fa044b7317fd77c0c20bddf9a0a08e99ed0293cab4d52c22173b2818bd502a6f3585d65f90a2e40,rsync,283
0xa00005bedf6288f76e07d7d92a5f1324ed59b01320155587985f92a3a4e7e819550e94bc9128d1f34bf2c4e6e28e4899,rsync,284
0xa00003f73b2dd7971dd3030d6af2ba42bdf9cd02197026fee7572f3b8147137cca109048cece90fdd0f73a5d9b5b5e41,rsync,285
0xa0000945e58042cbf8107c6887a466f3eaf843b86639413c974014c2b5559a8bbcbe856d15d4e7f7651baf23a7c885d6,rsync,286
0xa1ff6eca7ca990c2056fece8b0bcf1c83df75582edff5bca8397372d23068a6c004bebc93bce2c4cff10eb81840da5de,beaverbuild.org,287
0xa000065d284980c18edd777bd6241e0c140abe1ae913c54ccc29721ba75b87dd882bc55a28d14dada1d68cd49a9b3940,rsync,288
0x83ee842de90896210ceb6d05efd0b1bb12d2481eed69fddd958f9457ab622e19a55febac2637f4a7389d7b98b80ed2e2,beaverbuild.org,289
0xb88c4a4c0f179888a71cfb97aad4413ea540cb77046a9b1341b47a349aa1d2388493af382fc2bea98707c4cbf7f81764,beaverbuild.org,290
0xb7c5c7ca2d8226a60f47b2ec651945864133707ed2cf2f316d80dab125884fe99e20c7240ae4a531caf326bead626fd1,BTCS,291
0xb4dd92bd86423a5d2bf1458d4a71de4c5a4619d0f25886d1728329cc5c95a0a1d68c8d84b0374d7e9470ea2bab98bd64,beaverbuild.org,292
0x86cf8eac9c802ffe6643195c1cfc85a06c95ec04b00004064cccd738c110fc85892a501a9275988afb7767d3c80ee2e0,beaverbuild.org,293
0x89c6ff59ad7af00ff6848d7eba7fc5e42f4d4c0d1155ebfafdddc487b8f7b3c86fc93d513cd8fe341631351bf681e847,beaverbuild.org,294
0x9841e29b02679508780a7a1c1d0f1a97cdf97adfca22d56f82d3fee226ad3011511dda2419adbc95f781f9cf2fe688ee,beaverbuild.org,295
0xb7c5e609f8a0d2ea9417db59e8e97fae9846f90a663c7577ed83ab5f740c3a6ed5b6259a2a50e9060ac0bb04eb4a9267,BTCS,296
0x8d3e3b98cb33d34e5a51b3081af3c50a6f5b2cfdc7dad14e87d49b0a3070c692b2f6b6dfb946b197d965cb0fb85aea77,Ty For The Block,297
0x8a9418b7bf484fe1b45b5be1295adeb77af78e5fe8d0436726acc0e891b25cdf78c7b45c6a8c264fa548a992291679c9,Ty For The Block,298
0xacbfd8788ec4131aeee4e3097377a8cf334dc68c370a8d62988a72b3423611eee8504afac480d2d1de65021b437b6336,beaverbuild.org,299
0xaf6375485e6a3765bd679c00a907fb496d97d7fa70a0775b2e11920917004242fdcc204a854c77622ec99872fb1a03b1,beaverbuild.org,300
0x95bd1440b5f2db755dbf8f83148f849c137bb82d6812967bf5dd70b00f23b840da55d2afc1ff3c418c54bf61f0589d18,beaverbuild.org,301
0xb7c5beefbaea0b050764617a764d571929a8a250e9e1226a3c31c738d05ea1fc8b3f2d455e15d623f6a64d52e4f84761,BTCS,302
0xb1b49e33f6d2c742620209bf76e42c5ccbf445011cd4911357eb631ce30aa3e9dee4ca43e77093800e730702cd3605f3,beaverbuild.org,303
0xb7493d5b7ea3ce348c54f873ac67da3925499bce8719d9f9031f4f0e61568aa3f9115dd8a0596721e8e77806866e8ba4,beaverbuild.org,304
0xb304c55507792506b6fb0609886d86b015e9e0e9298e1643b7d91742445c5e50ef1d469ec235444320b33447fecff813,beaverbuild.org,305
0x856758c28c5d3f08234563e5b654debdaafc6a63c667a5b960cf06d3cb479c8a5983074413c3f4ed2807dabb9baeb067,beaverbuild.org,306
0x987dee19fdbd3418139c5e54836b22d2ef45d17f8d521cf16604324ef25d375e5d28971e8fb6f71ab0402486c3364a37,bobthebuilder,307
0xb8435fa02e2b431c2594e957817d1cbe4b879ea5d79c4018d9c119276396936f9640fa78bc2555c7db4422c6d2572594,bobthebuilder,308
0x929de7f9e5f660d3d4d1ac57b47024242220992e5fc52be9f7660822c91d4e3ab718685b3767ba50e568989e94d68570,blocksmith.org,309
0xb7c52ab445df2be2b6910f7710de2c236a77130b44a69486abfd89e8fcadc3fd6e545fa02329dc9c30a2c23b727ddab9,BTCS,310
f0x805b008679ccda28ae22ded00a91a24c15951a078032ceee051d72d60240b6e199873c8a9f2042b982be6588e67aba70,flashbots,311
0x809b00c8dc4e7087539b7ce4a229595647c1f217e7273003e290156f0c67f5d8f6bba147b6dc60d98de78eb842c88e18,flashbots,312
0xb4616226ba767495bb7cb51ef556407969218dcf9abc73a0412537b5cc3eb03c13f1e47c1fa0ea1a097dbee386832852,beaverbuild.org,313
0x807a81a9873359323966feb80fcc52b6049888f885d58134bf52bf9825f89aabc723bb5bacd1d8f4dea6322a6d166535,Titan,314
0x88857150299287cedfbadea1ee3fb7ac121f1e4e16bef44b4a7bad35432973c4009efb90394facca3fdc0759ba70f93f,Titan,315
0x80aa00d132b4ab56bdb005507c98838937e18a437e8294af77f07320869df9dceba874e91c2e9d43de6478e4235952d7,tbd,316
0x80ab00d753acd735b59a92d4a082a35b3e5669c7327c379450b8acc1f844ba1978383c814b6fd53879832225407243d3,tbd,317
0x850a00ffd1319a04114cff3793f8403ccbf026e0cf67ddca2f9fbb1a03e056a916becc686cdfe7714b111e35c92a74cf,buildernet,318
0x850b00e055388c1b56f137e0852bc02d8b05534e9f96dd1d11cff8cf0481b800ecc2e708cdc158cd95b7cfdaa6840ee7,buildernet,319
0x851a009553c46cae9384ebc59dcf17064ee8839de085910ec71d834ab1b8dc7a1f3271008c2438ae3b3e44be994108a6,buildernet,320
0x851b00b12f73770337fbd219b439aba7bd8e770dbdea16a3b0df030d971bc0d824d470d7868e5d93355f501bfe892947,buildernet,321
0x852a00817dd13ce36535855192e218ccad6d489f90605c501fd4294940550592426552006ebd44f0e661b73d58a9765c,buildernet,322
0x852b0070e2522fcb06dcb159fabcdc7a4b5e1221cc2a56b083577cce03e50afe1b699c5a1111eb3bb1b8684aa90a8333,buildernet,323
0xb7c53e04bf3c88cdb38bf7a2bc8d591a2c2d01a04ab9f3dfb96254512303bf42b7c1dfbbd56f361747ec0f5cc5556560,BTCS,324
0xb1b9c7876786ea23ba123119508e60575be9b15270cecfb5b7959834945cfc0c210f8c2c0a7e9aa262b8d8c2b6c247cb,beaverbuild.org,325
0xb7c5fbdde8ca800875d7aac708761e07486fbab117af3826c48a6c287bc52ab1ae7320bf7b9701467a9bdc7b43aaddba,BTCS,326
0xb7c5c39a33bbcdd2c1a3742e277a69e95195b0fbaf7db44a5156aba8bbf547a3f154726a50d27af3f891b545f47de17b,BTCS,327
0x8cafae64383b537561650b2e3893c126d1da86eb43c04e690fcead76cc6512c022873241c2630b099d13868f9b01dc17,iobuilder,328
0xa0366397661da2746ca91b5e537a3f52b30a3dc91a3f4f1e339fe18161a9353c1f48f670a2ee8b667d68e2d8921d163f,beaverbuild.org,329
0xb9ce2753254979122cf137288efe471791893a9cf6abcd192f33515f6ca778507a51bcab84542562efc244001a7b4c55,Titan,330
0x99dbe3e862bf3a0b874e911a266ebe80d96feaab33f098169b7bc6db832816e4fc1706577bc1f1baf94f89245d40da96,beaverbuild.org,331
0x8a85062118e29045e8b199723d9af519b0c071d9e7586fa89733e798536d4637f8545a169012cc1b76005d9453603273,Titan,332
0x854a008416b64001aadf576182011b4d7bc59434f4f95e36ae13d9749365a832097e7e876ab3ad9d871dd2ca65662740,buildernet,333
0x854b00a6c866c6b85debdcc149474f1b0a38bf39f05c97c81a8ebfd856804d56822fb58550bdffe42d5baabf590f0066,buildernet,334
